"Sr.No","Extion_Number","User_Name"
"1","8000","CE - MD"
"2","8001","CA To MD"
"3","8002","CE - MD Office"
"4","8005","TEST"
"5","8450","Ayaz Butt"
"6","8623","Library"
"7","8087","Boiler-2 Opr"
"8","8100","Muhammad Afzaal"
"9","8101","CA To COO"
"10","8200","Brig Gul Hassan"
"11","8201","Maj. Atif Saeed"
"12","8202","CA to RM"
"13","8203","Operator Admin"
"14","8204","Qaisar Hanif"
"15","8205","Admin Conf Room"
"16","8210","Admin - Kitchen"
"17","8220","Admin Reception"
"18","8250","Gate House 08"
"19","8251","Gate House 09"
"20","8270","Kazim Hussain"
"21","8271","Allied Container"
"22","8272","IRC Container"
"23","8273","Ede Opr HR"
"24","8274","HR Team"
"25","8275","Rahat Ali"
"26","8300","Kashif Jamil"
"27","8301","Ghulam Murtaza"
"28","8302","PSG Day Engr"
"29","8303","PSG Shift Engr"
"30","8304","Board/Panel1-MCR"
"31","8305","Board/Panel2-MCR"
"32","8306","Board/Panel3-MCR"
"33","8307","LCR-STG-4"
"34","8308","LCR-STG-1 n 2"
"35","8309","LCR-STG-3"
"36","8310","M Adil Rizwan"
"37","8311","Conference Room"
"38","8312","EDE Operator-OPR"
"39","8313","Conference Room"
"40","8314","Kashif Jamil (2)"
"41","8315","Muhammad Saqib"
"42","8320","Liaqat Amin"
"43","8321","Kitchen Gr -MCR"
"44","8324","Photocopier-MCR"
"45","8325","MP Hall (1)"
"46","8326","MP Hall (2)"
"47","8330","Ali Azhar"
"48","8331","Day-Engr-CASH"
"49","8332","EDE Engr-CASH"
"50","8333","Shift Engr- CASH"
"51","8334","Board/Panel-CASH"
"52","8335","CHP W Bridge"
"53","8336","CASH - Kitchen"
"54","8337","Sorbent W Bridge"
"55","8338","CASH ControlRoom"
"56","8339","CHP Operator"
"57","8340","CrusherHouse"
"58","8350","7.8 M B # 1"
"59","8351","18 M B # 1"
"60","8352","16 M North B # 1"
"61","8353","16 M South B # 1"
"62","8354","30 M E/S B # 1"
"63","8355","41 M B # 1"
"64","8356","Ground Flr B # 1"
"65","8360","7.8 M B # 2"
"66","8361","18 M B # 2"
"67","8362","16 M North B # 2"
"68","8363","16 M South B # 2"
"69","8364","30 M B # 2"
"70","8365","41 M B # 2"
"71","8366","Ground Flr B # 2"
"72","8367","Bag House B # 2"
"73","8368","ID Fan-2 B # 2"
"74","8370","LCR-3 E/S"
"75","8371","LCR-3 Back Side"
"76","8372","LCR-2 East Sid"
"77","8373","LCR-2 South Side"
"78","8374","Dosing Skid Area"
"79","8375","Near EDG Area"
"80","8376","Pump House Roof"
"81","8377","Top C Twr-South"
"82","8378","Top C Twr-East"
"83","8379","Bottom Ash"
"84","8380","Inst Air Comp"
"85","8381","Grnd Floor- BFW"
"86","8382","10 M BFW Area"
"87","8384","Bottom Ash (BEB)"
"88","8385","Fly Ash (BEB)"
"89","8386","ID Fan Boiler"
"90","8387","Bag House B # 1"
"91","8388","Diesel Tank Area"
"92","8389","Coal Unloading"
"93","8400","Shabir Memon"
"94","8401","Govind Ram"
"95","8402","Farhan Mazari"
"96","8403","Lt.Col Rizwan"
"97","8404","Col Bilal Shaikh"
"98","8405","Fahad Bin Shakil"
"99","8406","Shahzaib Ahmed"
"100","8407","Elec-Engr Grid"
"101","8408","Elec-Engr G-2"
"102","8410","Grid St- Kitchen"
"103","8411","CA To E&I Mngr"
"104","8412","MEB Ele Staff"
"105","8413","MEB Conf Room"
"106","8414","ED Opr - Elec"
"107","8415","LV Room - MEB"
"108","8416","CASH - Staff ELE"
"109","8417","LV Room - CASH"
"110","8418","Elec Wkshp Hall"
"111","8419","Elec Wkshp Staff"
"112","8420","Grid Staff Room"
"113","8421","Grid GIS Hall"
"114","8456","Zaheer Ahmed"
"115","8459","EDE Opr Inst"
"116","8460","MEB Inst Staff"
"117","8452","Syed Adeel Ahmed"
"118","8453","Muhammad Danial"
"119","8455","Ayazuddin"
"120","8451","Ahmed Raza"
"121","8454","Muhammad Danial"
"122","8457","Aftab Iqbal"
"123","8461","Cash Staff-Inst"
"124","8423","Muhammad Qaisar"
"125","8424","Farhan Aslam"
"126","8435","CPP Sub Station"
"127","8436","Boiler Ele Bldng"
"128","8437","M.Farhan FRTZ"
"129","8444","Grid Contrl Room"
"130","8458","Instrument Wkshp"
"131","8470","Rack Room-INST"
"132","8500","Navaid Zuberi"
"133","8501","Asad Malik DO"
"134","8503","Haider Zaidi"
"135","8504","Abdul Rafay"
"136","8505","Ahsan Arif Khan"
"137","8506","Ehtesham Rashid"
"138","8507","HaroonZulqernain"
"139","8510","Bashir Muhammad"
"140","8512","Faheem Uddin"
"141","8514","Muhammad Zain"
"142","8515","Asad Ali"
"143","8516","Rizwan Khalid"
"144","8517","Esha Zafar"
"145","8518","Shinza Kawal"
"146","8519","Atiq - Insp"
"147","8520","Hashim Irfan"
"148","8521","FPCL Lab Chemist"
"149","8522","Lab Shift Inchrg"
"150","8523","FPCL Laboratory"
"151","8524","Obaid Uddin"
"152","8526","M Suhaib Arshad"
"153","8527","Ali Tahir Khan"
"154","8531","Zaheer Lodhi"
"155","8553","Nasir Mushtaq"
"156","8539","Admin Conf Room2"
"157","8563","Zaid Arshad"
"158","8560","Abdul Qayoom"
"159","8555","Mussaid Ali"
"160","8565","Noman Aslam"
"161","8552","Naveed Hissam"
"162","8554","Haseeb Uddin"
"163","8556","Murtaza Abbas"
"164","8567","Izhan"
"165","8564","Basit Iqbal Khan"
"166","8566","M Adeel Khan"
"167","8568","Aamir Raza"
"168","8569","Syed Afaq Haider"
"169","8570","Faizan Muhgal"
"170","8571","Ahmed Ali"
"171","8559","Sami Uddinn"
"172","8600","Mahboob Ahmad"
"173","8619","Machinery Mas"
"174","8601","M Khalid Bhatti"
"175","8616","Saad Siddiqui"
"176","8604","Muhammad Usman"
"177","8614","Nawazish Ali"
"178","8606","Masood Ahmed"
"179","8622","Maint - Kitchen"
"180","8625","Maint Conference"
"181","8609","Equipment Mas"
"182","8611","M Rizwan Qamar"
"183","8612","M Adeel Sarfraz"
"184","8615","Muhammad Nadeem"
"185","8613","M Hamza Aamir"
"186","8610","Ishtiaque Ahmed"
"187","8620","Arees Sheikh"
"188","8603","Usman Ahmed khan"
"189","8650","Muhammad Amjad"
"190","8651","Workshop MA2"
"191","8652","Workshop MA1"
"192","8653","OMER ADIL"
"193","8654","Umair"
"194","8656","M Omer Adil"
"195","8657","Machine Shop"
"196","8658","Kitchen-Workshop"
"197","8659","Main W-shop Room"
"198","8660","M.Ahmad Abid"
"199","8605","Muhammad Naveed"
"200","8662","Malik Amir"
"201","8663","Sami Ullah"
"202","8664","Mirza Asif Raza"
"203","8665","Muhammad Imran"
"204","8666","Tool Room-Ashiq"
"205","8667","MVShop Container"
"206","8668","ToolRoom-Counter"
"207","8641","Equipment Staff"
"208","8642","Machinery JMC"
"209","8643","Mech Shift"
"210","8644","Mech Workshop"
"211","8645","Mech Wkp Kitchen"
"212","8680","Khalid Jalil-"
"213","8681","Mahboob/Khalid J"
"214","8682","Umar Yaqoob"
"215","8683","Usman Kh/M Usman"
"216","8684","Ishtiaque/Arees"
"217","8687","AdeelSarfaraz-TA"
"218","8688","Zaheer H Lodhi"
"219","8689","TA Engineer"
"220","8690","M Khalid Bhatti"
"221","8691","HCM 2-TA"
"222","8692","Warehouse -TA"
"223","8693","E and I - TA"
"224","8694","Kitchen - TA"
"225","8695","Zero Area Ground"
"226","8696","Zero Area Upper"
"227","8697","Masood Ahmed"
"228","8699","Conf Room-TA"
"229","8700","Syed Sarfaraz"
"230","8701","Waris Ali"
"231","8702","FPCL Safety Opr"
"232","8703","Akhtar Rasool"
"233","8705","Muhammad Fahad"
"234","8706","HSEQ Supervi-II"
"235","8707","HSEQ Supervisor"
"236","8710","Ahmed Bukhari"
"237","8711","Shahzad Riaz"
"238","8712","Ehsan Zaheer"
"239","8720","Zulfiqar Ali"
"240","8721","Shahzaib Ahmed"
"241","8722","M Khalid Jalil"
"242","8723","EDE Learning"
"243","8724","Maint-Reception"
"244","8730","ICT-FPCL"
"245","8731","NOMAN ICT"
"246","8751","WH-ReceivingArea"
"247","8760","Kanza Riasat"
"248","8761","Amir Shahzad"
"249","8770","Arshad Kamal"
"250","8772","Zeeshan Ahmed"
"251","8773","ED Opr Finance"
"252","8550","Shahid Majeed"
"253","8801","Kamran Rashid"
"254","8802","Zaheer Lodhi"
"255","8803","Najeeb Ur Rehman"
"256","8804","Arshad Kamal"
"257","8805","Ehtisham Javaid"
"258","8807","Sy. Sadaqat shah"
"259","8808","Karrar Naqvi"
"260","8809","Mujahid Rasool"
"261","8852","Mess Supervisor"
"262","8853","Mess Supervisor"
"263","8854","FPCL MESS"
"264","8810","Kashif Jamil"
"265","8669","MVShop Office"
"266","8774","Muhammad Waqas"
"267","8888","Safety Emergency"
"268","8900","TA-Conf Room"